{"1001": ["Riya Goyal", 9799493959, 20, "08/11/1999", "Pratap Nagar", 2000, 201034567123, ["riyagoyal0808@gmail.com", "Banking@123"]], "1002": ["Ayush Goyal", 9413660265, 24, "13/09/1995", "Gopalpura", 2500, 100000000203, ["ayushgoyal@gmail.com", "Admin@123"]], "1003": ["Tanu", 9529582465, 20, "21/06/2019", "Sitapura", 2000, 102034567543, ["tanupriya@gmail.com", "Test_123#"]], "1004": ["Sparsh", 7073273685, 23, "13/12/1996", "Rambagh Circle", 2500, 234545432190, ["sparshjain@yahoo.com", "Sparsh@123"]], "1005": ["Suchir Agarwal", 9024718546, 22, "24/02/1997", "Malviya Nagar", 2000, 453234509809, ["suchiragarwal@yahoo.com", "Suchir@123"]]}